<?xml version="1.0" encoding="UTF-8" standalone="yes"?>
<addon id="plugin.program.htmcwizard" name="HTMC Wizard" version="1.0.18" provider-name="HTMC">
  <requires>
    <import addon="xbmc.python" version="2.1.0"/>
  </requires>
  <extension point="xbmc.python.pluginsource" library="default.py">
    <provides>executable</provides>
  </extension>
  <extension point="xbmc.service" library="startup.py" start="startup" />
  <extension point="xbmc.addon.metadata">
    <summary lang="en">HTMC Wizard for Kodi</summary>
    <description lang="en">HTMC Wizard offers many maintenance features, selective add-on data saving, and automated build installs.</description>
    <platform>all</platform>
  </extension>
</addon>
