<?xml version="1.0" encoding="UTF-8" standalone="yes"?>
<addon id="plugin.video.judaea" version="1.0.3" name=" Judaea" provider-name="Judaea">
	<requires>
		<import addon="xbmc.python" version="2.25.0" />
		<import addon="script.module.requests" version="2.19.1" />
		<import addon="script.module.beautifulsoup4" version="4.5.3"/>
		<import addon="plugin.video.youtube" version="6.2.0"/>
		<import addon="script.module.addon.signals" version="0.0.1"/>
		<import addon="script.module.dateutil" version="2.7.3"/>
        <import addon="context.judaea" version="1.0.1"/>
	</requires>
	<extension point="xbmc.python.pluginsource" library="judaea.py">
		<provides>video</provides>
	</extension>
	<extension point="xbmc.service" library="service.py" />
	<extension point="xbmc.addon.metadata">
		<summary lang="en">Judaea</summary>
		<description lang="en">[B]Movies, TV Shows, Trakt Support. Netflix Style Random or Shuffle Auto Play TV Show Integration.[/B][CR][CR]This addon does not form part of the Kodi Media Center. Please do not seek assistance with this addon from any of the Official Kodi Support Channels.[CR][CR]The author does not host any of the content in this addon and takes no responsibility for content found.</description>
		<platform>all</platform>
		<license>GNU GENERAL PUBLIC LICENSE. Version 3, 29 June 2007</license>
		<forum></forum>
		<website></website>
		<source></source>
		<disclaimer lang="en">The author of this addon does not host any of the content which is found and have no affiliation with any of the content providers. This addon simply searches websites for content. Use at your own risk!</disclaimer>
		<assets>
			<icon>icon.png</icon>
			<fanart>fanart.png</fanart>
		</assets>
		<news>
- Fix Local Torrent Clear Cache 
- RealDebrid, AllDebrid or Premiumize Subscription Required
		</news>
	</extension>
</addon>
