<?xml version="1.0" encoding="UTF-8" standalone="yes"?>
<addon id="script.module.arconaitv" name="ArconaiTV Common Libraries" version="1.0.0" provider-name="HTMC">
	<requires>
		<import addon="xbmc.python" version="2.1.0" />
	</requires>
	<extension point="xbmc.python.module" library="lib" />
	<extension point="xbmc.addon.metadata">
		<platform>all</platform>
		<summary lang="en">Collection of modules used by ArconaiTV</summary>
		<description lang="en">Collection of modules used by ArconaiTV. Fork of muckys common</description>
		<license>GNU GENERAL PUBLIC LICENSE. Version 2, June 1991</license>
	</extension>
</addon>
