<?xml version="1.0" encoding="UTF-8" standalone="yes"?>
<addon id="context.judaea" version="1.0.0" name="Judaea - Global Context Menu Items" provider-name="Judaea">
	<requires>
		<import addon="xbmc.python" version="2.23.0" />
	</requires>
	<extension point="kodi.context.item">
        <menu id="kodi.core.main">
			<item library="quickResume.py">
				<label>Quick Resume Show</label>
				<visible>String.StartsWith(ListItem.path,plugin://plugin.video.judaea/)+String.IsEqual(ListItem.dbtype,tvshow)</visible>
			</item>
            <item library="shuffle.py">
                <label>Shuffle Play</label>
                <visible>String.StartsWith(ListItem.path,plugin://plugin.video.judaea/)+[String.IsEqual(ListItem.dbtype,tvshow)|String.IsEqual(ListItem.dbtype,episode)]</visible>
            </item>
			<item library="playFromRandomPoint.py">
                <label>Play From Random Episode</label>
                <visible>String.StartsWith(ListItem.path,plugin://plugin.video.judaea/)+String.IsEqual(ListItem.dbtype,tvshow)</visible>
            </item>
			<item library="rescrape.py">
                <label>Rescrape Item</label>
                <visible>String.StartsWith(ListItem.path,plugin://plugin.video.judaea/)+[String.IsEqual(ListItem.dbtype,episode)|String.IsEqual(ListItem.dbtype,movie)]</visible>
            </item>
			<item library="sourceSelect.py">
                <label>Source Select</label>
                <visible>String.StartsWith(ListItem.path,plugin://plugin.video.judaea/)+[String.IsEqual(ListItem.dbtype,episode)|String.IsEqual(ListItem.dbtype,movie)]</visible>
            </item>
			<item library="findSimilar.py">
                <label>Find Similar</label>
                <visible>String.StartsWith(ListItem.path,plugin://plugin.video.judaea/)+[String.IsEqual(ListItem.dbtype,tvshow)|String.IsEqual(ListItem.dbtype,movie)]</visible>
            </item>
			<item library="browseShow.py">
                <label>Browse Show</label>
                <visible>String.StartsWith(ListItem.path,plugin://plugin.video.judaea/)+[String.IsEqual(ListItem.dbtype,episode)|String.IsEqual(ListItem.dbtype,tvshow)]</visible>
            </item>
			<item library="browseSeason.py">
				<label>Browse Season</label>
				<visible>String.StartsWith(ListItem.path,plugin://plugin.video.judaea/)+String.IsEqual(ListItem.dbtype,episode)</visible>
			</item>
			<item library="traktManager.py">
				<label>Trakt Manager</label>
				<visible>String.StartsWith(ListItem.path,plugin://plugin.video.judaea/)+[String.IsEqual(ListItem.dbtype,episode)|String.IsEqual(ListItem.dbtype,tvshow)|String.IsEqual(ListItem.dbtype,season)|String.IsEqual(ListItem.dbtype,movie)]</visible>
			</item>
        </menu>
    </extension>
	<extension point="xbmc.addon.metadata">
		<summary lang="en">Judaea - This Addon is currently in beta. Please be aware there may be bugs present</summary>
		<description lang="en">Adds Global Contextual Menu Items for Judaea menu items throughout Kodi
		</description>
		<platform>all</platform>
		<license>GNU GENERAL PUBLIC LICENSE. Version 3, 29 June 2007</license>
		<forum></forum>
		<website></website>
		<source></source>
		<disclaimer lang="en"></disclaimer>
		<assets>
			<icon>icon.png</icon>
			<fanart>fanart.png</fanart>
		</assets>
		<news>
Version 1.0.0
Initial version fork of Seren - Global Context Menu Items
		</news>
	</extension>
</addon>
