<?xml version="1.0" encoding="UTF-8"?>
<addon id="plugin.video.david" version="1.0.9" name=" David" provider-name="Judaea">
    <requires>
        <import addon="plugin.video.youtube" version="6.4.0" />
        <import addon="script.extendedinfo" version="5.6.0" />
        <import addon="script.module.requests" version="2.3.0"/>
        <import addon="script.module.beautifulsoup4" version="0.6.0"/>
        <import addon="script.david.artwork" version="1.0.0"/>
        <import addon="script.david.metadata" version="1.0.0" />
        <import addon="script.module.openscrapers"/>
        <import addon="script.module.resolveurl" version="1.0.0"/>
    </requires>
    <extension point="xbmc.python.pluginsource" library="resources/lib/david.py">
        <provides>video audio</provides>
    </extension>
    <extension point="xbmc.service" library="resources/lib/services.py" start="startup"/>
    <extension point="xbmc.python.module" library="resources/lib/"/>
    <extension point="xbmc.addon.metadata">
        <summary lang="en">David</summary>
        <description lang="en">David with OpenScrapers and Library Integration, Movies, TV Shows and TRAKT Support! Kindly note the David addon is not an official part of the media player you are running, and therefore not to be mentioned within official support channels, this addon has nothing to do with the media player itself, nor it’s intended use, it is simply a third party plugin which has been added to your system.</description>
        <disclaimer lang="en">The author does not host or distribute any of the content displayed by this addon. The author does not have any affiliation with the content provider.</disclaimer>
        <platform>all</platform>
        <website></website>
        <source></source>
        <assets>
            <icon>icon.png</icon>
            <fanart>fanart.jpg</fanart>
        </assets>
        <news>- Update Trakt
- Update Artwork
- Update Code
- RealDebrid Recommended
- OpenScrapers Support
- VPN Recommended
- Initial Version 1.0.8 Fen Fork
        </news>
    </extension>
</addon>

