<?xml version="1.0" encoding="UTF-8" standalone="yes"?>
<addon id="repository.htmc" name="HTMC Repository" version="1.0.5" provider-name="HTMC">
	<extension point="xbmc.addon.repository" name="HTMC Repository">
		<dir>
			<info compressed="false">https://raw.githubusercontent.com/judaea/modules4all/master/zips/addons.xml</info>
			<checksum>https://raw.githubusercontent.com/judaea/modules4all/master/zips/addons.xml.md5</checksum>
			<datadir zip="true">https://raw.githubusercontent.com/judaea/modules4all/master/zips/</datadir>
		</dir>
		<dir>
			<info compressed="false">https://raw.githubusercontent.com/judaea/project/master/zips/addons.xml</info>
			<checksum>https://raw.githubusercontent.com/judaea/project/master/zips/addons.xml.md5</checksum>
			<datadir zip="true">https://raw.githubusercontent.com/judaea/project/master/zips/</datadir>
		</dir>
		<dir>
			<info compressed="false">https://raw.githubusercontent.com/a4k-openproject/repository.openscrapers/master/zips/addons.xml</info>
			<checksum>https://raw.githubusercontent.com/a4k-openproject/repository.openscrapers/master/zips/addons.xml.md5</checksum>
			<datadir zip="true">https://raw.githubusercontent.com/a4k-openproject/repository.openscrapers/master/zips/</datadir>
		</dir>
		<dir>
			<info compressed="false">https://raw.githubusercontent.com/jsergio123/zips/master/addons.xml</info>
			<checksum>https://raw.githubusercontent.com/jsergio123/zips/master/addons.xml.md5</checksum>
			<datadir zip="true">https://raw.githubusercontent.com/jsergio123/zips/master/</datadir>
		</dir>
	</extension>
	<extension point="xbmc.addon.metadata">
		<summary lang="en">This is the HTMC Educational Repository</summary>
		<description lang="en">This is the HTMC Educational Repository</description>
		<genre></genre>
	</extension>
</addon>