<?xml version="1.0" encoding="UTF-8" standalone="yes"?>
<addon id="plugin.video.judaea" version="1.0.0" name="Judaea" provider-name="Judaea">
	<requires>
		<import addon="xbmc.python" version="2.19.0" />
		<import addon="script.module.requests" version="2.19.1" />
		<import addon="script.module.beautifulsoup4" version="4.5.3"/>
		<import addon="script.module.metahandler" version="1.0.0" />
		<import addon="plugin.video.youtube" version="6.2.0"/>
		<import addon="script.module.addon.signals" version="0.0.1"/>
		<import addon="script.module.dateutil" version="2.7.3"/>
        <import addon="context.judaea" version="1.0.0"/>
        <import addon="service.upnext" version="1.0.1"/>
<!--		<import addon="script.module.inputstreamhelper" version="0.3.3"/> #### Not yet big boy ####-->
	</requires>
	<extension point="xbmc.python.pluginsource" library="judaea.py">
		<provides>video</provides>
	</extension>
	<extension point="xbmc.service" library="service.py" />
	<extension point="xbmc.addon.metadata">
		<summary lang="en">Judaea - This Addon is currently in beta. Please be aware there may be bugs present</summary>
		<description lang="en">
		</description>
		<platform>all</platform>
		<license>GNU GENERAL PUBLIC LICENSE. Version 3, 29 June 2007</license>
		<forum></forum>
		<website></website>
		<source></source>
		<disclaimer lang="en">The author of this addon takes no responsibility for any 3rd party intergration or modification of this software, please ensure your use of this software abides by your local and insterstate laws.</disclaimer>
		<assets>
			<icon>icon.png</icon>
			<fanart>fanart.png</fanart>
		</assets>
		<news>
Version 1.0.0
Initial version fork of Seren
		</news>
	</extension>
</addon>
