<xml>

  <dir>
    <title>2018</title>
    <tmdb>year/movies/2018</tmdb>
    <thumbnail>https://htmc.tv/repo/artwork/years.png</thumbnail>
  </dir>

  <dir>
    <title>2017</title>
    <tmdb>year/movies/2017</tmdb>
    <thumbnail>https://htmc.tv/repo/artwork/years.png</thumbnail>
  </dir>

  <dir>
    <title>2016</title>
    <tmdb>year/movies/2016</tmdb>
    <thumbnail>https://htmc.tv/repo/artwork/years.png</thumbnail>
  </dir>

  <dir>
    <title>2015</title>
    <tmdb>year/movies/2015</tmdb>
    <thumbnail>https://htmc.tv/repo/artwork/years.png</thumbnail>
  </dir>

  <dir>
    <title>2014</title>
    <tmdb>year/movies/2014</tmdb>
    <thumbnail>https://htmc.tv/repo/artwork/years.png</thumbnail>
  </dir>

  <dir>
    <title>2013</title>
    <tmdb>year/movies/2013</tmdb>
    <thumbnail>https://htmc.tv/repo/artwork/years.png</thumbnail>
  </dir>

  <dir>
    <title>2012</title>
    <tmdb>year/movies/2012</tmdb>
    <thumbnail>https://htmc.tv/repo/artwork/years.png</thumbnail>
  </dir>

  <dir>
    <title>2011</title>
    <tmdb>year/movies/2011</tmdb>
    <thumbnail>https://htmc.tv/repo/artwork/years.png</thumbnail>
  </dir>

  <dir>
    <title>2010</title>
    <tmdb>year/movies/2010</tmdb>
    <thumbnail>https://htmc.tv/repo/artwork/years.png</thumbnail>
  </dir>

  <dir>
    <title>2009</title>
    <tmdb>year/movies/2009</tmdb>
    <thumbnail>https://htmc.tv/repo/artwork/years.png</thumbnail>
  </dir>

  <dir>
    <title>2008</title>
    <tmdb>year/movies/2008</tmdb>
    <thumbnail>https://htmc.tv/repo/artwork/years.png</thumbnail>
  </dir>

  <dir>
    <title>2007</title>
    <tmdb>year/movies/2007</tmdb>
    <thumbnail>https://htmc.tv/repo/artwork/years.png</thumbnail>
  </dir>

  <dir>
    <title>2006</title>
    <tmdb>year/movies/2006</tmdb>
    <thumbnail>https://htmc.tv/repo/artwork/years.png</thumbnail>
  </dir>

  <dir>
    <title>2005</title>
    <tmdb>year/movies/2005</tmdb>
    <thumbnail>https://htmc.tv/repo/artwork/years.png</thumbnail>
  </dir>

  <dir>
    <title>2004</title>
    <tmdb>year/movies/2004</tmdb>
    <thumbnail>https://htmc.tv/repo/artwork/years.png</thumbnail>
  </dir>

  <dir>
    <title>2003</title>
    <tmdb>year/movies/2003</tmdb>
    <thumbnail>https://htmc.tv/repo/artwork/years.png</thumbnail>
  </dir>

  <dir>
    <title>2002</title>
    <tmdb>year/movies/2002</tmdb>
    <thumbnail>https://htmc.tv/repo/artwork/years.png</thumbnail>
  </dir>

  <dir>
    <title>2001</title>
    <tmdb>year/movies/2001</tmdb>
    <thumbnail>https://htmc.tv/repo/artwork/years.png</thumbnail>
  </dir>

  <dir>
    <title>2000</title>
    <tmdb>year/movies/2000</tmdb>
    <thumbnail>https://htmc.tv/repo/artwork/years.png</thumbnail>
  </dir>

</xml>