<xml>

  <dir>
    <title>A Nightmare on Elm Street Collection</title>
    <tmdb>list/40794</tmdb>
    <thumbnail>https://image.tmdb.org/t/p/original/sXFlyjfWv544uKOJmPd2vVsaFm9.jpg</thumbnail>
    <fanart></fanart>
  </dir>

  <dir>
    <title>Alien Collection</title>
    <tmdb>list/40799</tmdb>
    <thumbnail>https://image.tmdb.org/t/p/original/uU9R1byS3USozpzWJ5oz7YAkXyk.jpg</thumbnail>
    <fanart></fanart>
  </dir>

  <dir>
    <title>Amityville Collection</title>
    <tmdb>list/40819</tmdb>
    <thumbnail>https://image.tmdb.org/t/p/original/orociMcS1GExIcuiGbYYHlRlcL8.jpg</thumbnail>
    <fanart></fanart>
  </dir>

  <dir>
    <title>Anaconda Collection</title>
    <tmdb>list/40852</tmdb>
    <thumbnail>https://image.tmdb.org/t/p/original/yGku6UoX3MKbjnVbcUtrJcyghyi.jpg</thumbnail>
    <fanart></fanart>
  </dir>

  <dir>
    <title>Blade Collection</title>
    <tmdb>list/40832</tmdb>
    <thumbnail>https://image.tmdb.org/t/p/original/r0RQ9ZOEZglLOeYDNJTehVTRoR6.jpg</thumbnail>
    <fanart></fanart>
  </dir>

  <dir>
    <title>Blair Witch Collection</title>
    <tmdb>list/40851</tmdb>
    <thumbnail>https://image.tmdb.org/t/p/original/ip2IqmvCqFzvPe8RAHpT1My6XM9.jpg</thumbnail>
    <fanart></fanart>
  </dir>

  <dir>
    <title>Candyman Collection</title>
    <tmdb>list/40817</tmdb>
    <thumbnail>https://image.tmdb.org/t/p/original/i9oHm5arSQHVv0GC6wAFw9F52LM.jpg</thumbnail>
    <fanart></fanart>
  </dir>

  <dir>
    <title>Carrie Collection</title>
    <tmdb>list/40843</tmdb>
    <thumbnail>https://image.tmdb.org/t/p/original/v7VXw32hcsnhYYGEsuukyOz6m0I.jpg</thumbnail>
    <fanart></fanart>
  </dir>

  <dir>
    <title>Child's Play Collection</title>
    <tmdb>list/40802</tmdb>
    <thumbnail>https://image.tmdb.org/t/p/original/dSX9i2buibfyKFRpK2kOe6rtl5R.jpg</thumbnail>
    <fanart></fanart>
  </dir>

  <dir>
    <title>Children of the Corn Collection</title>
    <tmdb>list/40828</tmdb>
    <thumbnail>https://image.tmdb.org/t/p/original/zH77CDSRPeYfZZJyyKSt84j62m8.jpg</thumbnail>
    <fanart></fanart>
  </dir>

  <dir>
    <title>Conjuring Collection</title>
    <tmdb>list/40837</tmdb>
    <thumbnail>https://image.tmdb.org/t/p/original/xYGkdhOEVoFrLNUotuTXemtQAWd.jpg</thumbnail>
    <fanart></fanart>
  </dir>

  <dir>
    <title>Creepshow Collection</title>
    <tmdb>list/40822</tmdb>
    <thumbnail>https://image.tmdb.org/t/p/original/hgKeTL416BPzLZntcsD1k7mNFRN.jpg</thumbnail>
    <fanart></fanart>
  </dir>

  <dir>
    <title>Critters Collection</title>
    <tmdb>list/40847</tmdb>
    <thumbnail>https://image.tmdb.org/t/p/original/7tFJqfcmu7sAxwcRwQ0j9qnGrok.jpg</thumbnail>
    <fanart></fanart>
  </dir>

  <dir>
    <title>Cube Collection</title>
    <tmdb>list/40836</tmdb>
    <thumbnail>https://image.tmdb.org/t/p/original/u50r6chJGO2iqxVAvtQ07obiCkB.jpg</thumbnail>
    <fanart></fanart>
  </dir>

  <dir>
    <title>Evil Dead Collection</title>
    <tmdb>list/40800</tmdb>
    <thumbnail>https://image.tmdb.org/t/p/original/7cpSdCrBY7UhiygkcP57dpixXsW.jpg</thumbnail>
    <fanart></fanart>
  </dir>

  <dir>
    <title>Exorcist Collection</title>
    <tmdb>list/40811</tmdb>
    <thumbnail>https://image.tmdb.org/t/p/original/kCimAd6QNYTn28xfYBmqhLLyfIX.jpg</thumbnail>
    <fanart></fanart>
  </dir>

  <dir>
    <title>Final Destination Collection</title>
    <tmdb>list/40804</tmdb>
    <thumbnail>https://image.tmdb.org/t/p/original/nW6JfCIWqUpIESlras0nrVy4pCl.jpg</thumbnail>
    <fanart></fanart>
  </dir>

  <dir>
    <title>Friday the 13th Collection</title>
    <tmdb>list/40796</tmdb>
    <thumbnail>https://image.tmdb.org/t/p/original/mGJlh8oMyTDhfudvs20kFpYz0Yc.jpg</thumbnail>
    <fanart></fanart>
  </dir>

  <dir>
    <title>From Dusk Till Dawn Collection</title>
    <tmdb>list/40833</tmdb>
    <thumbnail>https://image.tmdb.org/t/p/original/ce0d4kM5KxT4x1Oq8JkSuNYevri.jpg</thumbnail>
    <fanart></fanart>
  </dir>

  <dir>
    <title>Ghoulies Collection</title>
    <tmdb>list/41039</tmdb>
    <thumbnail>https://image.tmdb.org/t/p/original/70HhkwGuWdZda92qePy0S9FAA8V.jpg</thumbnail>
    <fanart></fanart>
  </dir>

  <dir>
    <title>Gremlins Collection</title>
    <tmdb>list/40826</tmdb>
    <thumbnail>https://image.tmdb.org/t/p/original/qehNFww7A9kRDbqCQNWvaQc8Y4w.jpg</thumbnail>
    <fanart></fanart>
  </dir>

  <dir>
    <title>Grudge Collection</title>
    <tmdb>list/40829</tmdb>
    <thumbnail>https://image.tmdb.org/t/p/original/y05X9RL0FIcEwoVSTppCPcQwhvf.jpg</thumbnail>
    <fanart></fanart>
  </dir>

  <dir>
    <title>Halloween Collection</title>
    <tmdb>list/40795</tmdb>
    <thumbnail>https://image.tmdb.org/t/p/original/vjoOFOTBJcJvA1weJejlZ92LZD4.jpg</thumbnail>
    <fanart></fanart>
  </dir>

  <dir>
    <title>Hannibal Lecter Collection</title>
    <tmdb>list/40850</tmdb>
    <thumbnail>https://image.tmdb.org/t/p/original/wmuxJ9Kscg0SuGlfg2ARmGgHvOF.jpg</thumbnail>
    <fanart></fanart>
  </dir>

  <dir>
    <title>Hellraiser Collection</title>
    <tmdb>list/40807</tmdb>
    <thumbnail>https://image.tmdb.org/t/p/original/4nfAhOTlfZUHNorHJXEib7GYFpp.jpg</thumbnail>
    <fanart></fanart>
  </dir>

  <dir>
    <title>Hills Have Eyes Collection</title>
    <tmdb>list/40810</tmdb>
    <thumbnail>https://image.tmdb.org/t/p/original/hNuqY8h1oBGTnEQK75AH4IwuiPG.jpg</thumbnail>
    <fanart></fanart>
  </dir>

  <dir>
    <title>I Know What You Did Last Summer Collection</title>
    <tmdb>list/40820</tmdb>
    <thumbnail>https://image.tmdb.org/t/p/original/gh42MpuxlOFuhpMkAseWmjEp855.jpg</thumbnail>
    <fanart></fanart>
  </dir>

  <dir>
    <title>Insidious Collection</title>
    <tmdb>list/40809</tmdb>
    <thumbnail>https://image.tmdb.org/t/p/original/6Tjg6DWVo2cpqDLxrOQNw1UvIMB.jpg</thumbnail>
    <fanart></fanart>
  </dir>

  <dir>
    <title>Jaws Collection</title>
    <tmdb>list/40806</tmdb>
    <thumbnail>https://image.tmdb.org/t/p/original/l1yltvzILaZcx2jYvc5sEMkM7Eh.jpg</thumbnail>
    <fanart></fanart>
  </dir>

  <dir>
    <title>Jeepers Creepers Collection</title>
    <tmdb>list/40805</tmdb>
    <thumbnail>https://image.tmdb.org/t/p/original/gaIiibMDw95MDT0QtpwMCFDSyQO.jpg</thumbnail>
    <fanart></fanart>
  </dir>

  <dir>
    <title>Ju-on Collection</title>
    <tmdb>list/41843</tmdb>
    <thumbnail>https://image.tmdb.org/t/p/original/qrfR7AYkSmWKoN81R9T9xeiGcsK.jpg</thumbnail>
    <fanart></fanart>
  </dir>

  <dir>
    <title>Jurassic Park Collection</title>
    <tmdb>list/40816</tmdb>
    <thumbnail>https://image.tmdb.org/t/p/original/57jSouoskMN2108VTZ2QB4Kwr3N.jpg</thumbnail>
    <fanart></fanart>
  </dir>

  <dir>
    <title>Lake Placid Collection</title>
    <tmdb>list/40853</tmdb>
    <thumbnail>https://image.tmdb.org/t/p/original/ntQ9F77YCK8KF1U8TrDOUk6rPCS.jpg</thumbnail>
    <fanart></fanart>
  </dir>

  <dir>
    <title>Leprechaun Collection</title>
    <tmdb>list/40849</tmdb>
    <thumbnail>https://image.tmdb.org/t/p/original/ngsmjUY5XenjClKTuTPTGhhtB5W.jpg</thumbnail>
    <fanart></fanart>
  </dir>

  <dir>
    <title>Mummy Collection</title>
    <tmdb>list/40834</tmdb>
    <thumbnail>https://image.tmdb.org/t/p/original/cftmDzVCWKynKMfY9oyFj7igFqJ.jpg</thumbnail>
    <fanart></fanart>
  </dir>

  <dir>
    <title>Night of the Demons Collection</title>
    <tmdb>list/42746</tmdb>
    <thumbnail>https://image.tmdb.org/t/p/original/qWUVkyCZUSAMDLycjFoSMMhkDRu.jpg</thumbnail>
    <fanart></fanart>
  </dir>

  <dir>
    <title>Night of the Living Dead Collection</title>
    <tmdb>list/40803</tmdb>
    <thumbnail>https://image.tmdb.org/t/p/original/isp4lCv08asTPNvv8Xe8oQK293n.jpg</thumbnail>
    <fanart></fanart>
  </dir>

  <dir>
    <title>Omen Collection</title>
    <tmdb>list/40825</tmdb>
    <thumbnail>https://image.tmdb.org/t/p/original/uY14zS4Sm2DdvFXeczFKgLgkQUP.jpg</thumbnail>
    <fanart></fanart>
  </dir>

  <dir>
    <title>Paranormal Activity Collection</title>
    <tmdb>list/40838</tmdb>
    <thumbnail>https://image.tmdb.org/t/p/original/zmMN5Xcnw7eFTtQUkIxkw3A5XOw.jpg</thumbnail>
    <fanart></fanart>
  </dir>

  <dir>
    <title>Phantasm Collection</title>
    <tmdb>list/40840</tmdb>
    <thumbnail>https://image.tmdb.org/t/p/original/59GIYULisvSYMwawbbtCnjaPMAn.jpg</thumbnail>
    <fanart></fanart>
  </dir>

  <dir>
    <title>Poltergeist Collection</title>
    <tmdb>list/40813</tmdb>
    <thumbnail>https://image.tmdb.org/t/p/original/fZrtwNq0RcQ4AKY6cJXZD7dwgVL.jpg</thumbnail>
    <fanart></fanart>
  </dir>

  <dir>
    <title>Predator Collection</title>
    <tmdb>list/40808</tmdb>
    <thumbnail>https://image.tmdb.org/t/p/original/p6fhq04t75yCfE0kSTNZGQvWuQ1.jpg</thumbnail>
    <fanart></fanart>
  </dir>

  <dir>
    <title>Psycho Collection</title>
    <tmdb>list/40814</tmdb>
    <thumbnail>https://image.tmdb.org/t/p/original/oVXm1eBwkgBsOlzTgsMtgkPB2Ha.jpg</thumbnail>
    <fanart></fanart>
  </dir>

  <dir>
    <title>Pumpkinhead Collection</title>
    <tmdb>list/40848</tmdb>
    <thumbnail>https://image.tmdb.org/t/p/original/oHv53x5v8DieBwiIYAVALl7TuEN.jpg</thumbnail>
    <fanart></fanart>
  </dir>

  <dir>
    <title>Puppet Master Collection</title>
    <tmdb>list/40846</tmdb>
    <thumbnail>https://image.tmdb.org/t/p/original/3gMXTOSlpNDfiZ659w19HW8roZ7.jpg</thumbnail>
    <fanart></fanart>
  </dir>

  <dir>
    <title>Purge Collection</title>
    <tmdb>list/40821</tmdb>
    <thumbnail>https://image.tmdb.org/t/p/original/xbGs1sd6LmANVsNABNzSDqKmG4V.jpg</thumbnail>
    <fanart></fanart>
  </dir>

  <dir>
    <title>REC Collection</title>
    <tmdb>list/40854</tmdb>
    <thumbnail>https://image.tmdb.org/t/p/original/lLSXs26iZe0aIzYrobr3FruUG36.jpg</thumbnail>
    <fanart></fanart>
  </dir>

  <dir>
    <title>Resident Evil Collection</title>
    <tmdb>list/40818</tmdb>
    <thumbnail>https://image.tmdb.org/t/p/original/5jdvEi57WBGuI5n2drG8FLAbYDp.jpg</thumbnail>
    <fanart></fanart>
  </dir>

  <dir>
    <title>Return of the Living Dead Collection</title>
    <tmdb>list/40841</tmdb>
    <thumbnail>https://image.tmdb.org/t/p/original/1vydUitzC8W8W5oNevEArCltydJ.jpg</thumbnail>
    <fanart></fanart>
  </dir>

  <dir>
    <title>Ring Collection</title>
    <tmdb>list/40812</tmdb>
    <thumbnail>https://image.tmdb.org/t/p/original/zHJFdhqEXZJxG653oZvOM3PmNON.jpg</thumbnail>
    <fanart></fanart>
  </dir>

  <dir>
    <title>Saw Collection</title>
    <tmdb>list/40798</tmdb>
    <thumbnail>https://image.tmdb.org/t/p/original/dHYvIgsax8ZFgkz1OslE4V6Pnf5.jpg</thumbnail>
    <fanart></fanart>
  </dir>

  <dir>
    <title>Scary Movie Collection</title>
    <tmdb>list/40842</tmdb>
    <thumbnail>https://image.tmdb.org/t/p/original/bvVmVFBVQLytK1H4TJTFdnhvf4T.jpg</thumbnail>
    <fanart></fanart>
  </dir>

  <dir>
    <title>Scream Collection</title>
    <tmdb>list/40797</tmdb>
    <thumbnail>https://image.tmdb.org/t/p/original/ewi7gYW22t8T3piRvrXO73GlzuL.jpg</thumbnail>
    <fanart></fanart>
  </dir>

  <dir>
    <title>Silent Hill Collection</title>
    <tmdb>list/40823</tmdb>
    <thumbnail>https://image.tmdb.org/t/p/original/4Zz9cF8S4E7DITosNYh3spybYJb.jpg</thumbnail>
    <fanart></fanart>
  </dir>

  <dir>
    <title>Silent Night, Deadly Night Collection</title>
    <tmdb>list/42552</tmdb>
    <thumbnail>https://image.tmdb.org/t/p/original/vAwuLlkXBARhhTbpmMbq5M4QM9o.jpg</thumbnail>
    <fanart></fanart>
  </dir>

  <dir>
    <title>Sinister Collection</title>
    <tmdb>list/40844</tmdb>
    <thumbnail>https://image.tmdb.org/t/p/original/hrRYY7FcRc46Ue7h9jcKiW1xqJ3.jpg</thumbnail>
    <fanart></fanart>
  </dir>

  <dir>
    <title>Texas Chainsaw Massacre Collection</title>
    <tmdb>list/40801</tmdb>
    <thumbnail>https://image.tmdb.org/t/p/original/gx7FCIOFGxqNyplF3t7qtmUv55g.jpg</thumbnail>
    <fanart></fanart>
  </dir>

  <dir>
    <title>Tremors Collection</title>
    <tmdb>list/40835</tmdb>
    <thumbnail>https://image.tmdb.org/t/p/original/qLm4CeKm804Mywzx8m6cSmaVEcO.jpg</thumbnail>
    <fanart></fanart>
  </dir>

  <dir>
    <title>Troublesome Night Collection</title>
    <tmdb>list/42752</tmdb>
    <thumbnail>https://image.tmdb.org/t/p/original/p3gei6C4MYkSGEFoqLCPELOaaSJ.jpg</thumbnail>
    <fanart></fanart>
  </dir>

  <dir>
    <title>Underworld Collection</title>
    <tmdb>list/40845</tmdb>
    <thumbnail>https://image.tmdb.org/t/p/original/rdkxl5iXdpVU188cL1LLG3sy6z4.jpg</thumbnail>
    <fanart></fanart>
  </dir>

  <dir>
    <title>Wishmaster Collection</title>
    <tmdb>list/41846</tmdb>
    <thumbnail>https://image.tmdb.org/t/p/original/t7rep7SCqiy4COUsq2cOcdQwzU0.jpg</thumbnail>
    <fanart></fanart>
  </dir>

  <dir>
    <title>Wrong Turn Collection</title>
    <tmdb>list/40827</tmdb>
    <thumbnail>https://image.tmdb.org/t/p/original/kyn0ZC8tvLWuKN85mhlG1lwB1WQ.jpg</thumbnail>
    <fanart></fanart>
  </dir>

</xml>