<xml>

  <dir>
    <title>Popular</title>
    <tmdb>tv/popular</tmdb>
    <thumbnail>https://htmc.tv/repo/artwork/popular.png</thumbnail>
    <summary>Popular TV Shows on TMDb</summary>
  </dir>

  <dir>
    <title>Genres</title>
    <link>file://tvshows-tmdb-genres.xml</link>
    <thumbnail>file://artwork/genres.png</thumbnail>
    <summary>TV Shows by Genres on TMDb</summary>
  </dir>

  <dir>
    <title>Networks</title>
    <link>file://tvshows-tmdb-networks.xml</link>
    <thumbnail>file://artwork/networks.png</thumbnail>
    <summary>TV Shows by Network on TMDb</summary>
  </dir>

  <dir>
    <title>Top Rated</title>
    <tmdb>tv/top_rated</tmdb>
    <thumbnail>https://htmc.tv/repo/artwork/highly-rated.png</thumbnail>
    <summary>Top Rated TV Shows on TMDb</summary>
  </dir>

  <dir>
    <title>Airing Today</title>
    <tmdb>tv/today</tmdb>
    <thumbnail>https://htmc.tv/repo/artwork/airing-today.png</thumbnail>
    <summary>TV Shows Airing Today on TMDb</summary>
  </dir>

  <dir>
    <title>On The Air</title>
    <tmdb>tv/on_the_air</tmdb>
    <thumbnail>https://htmc.tv/repo/artwork/airing-today.png</thumbnail>
    <summary>TV Shows On the Air on TMDb</summary>
  </dir>

  <dir>
    <title>Search</title>
    <tmdb>search</tmdb>
    <thumbnail>https://htmc.tv/repo/artwork/search.png</thumbnail>
    <summary>Search TV Shows on TMDb</summary>
  </dir>

</xml>