﻿<?xml version="1.0" encoding="UTF-8" standalone="yes"?>
<addon id="plugin.video.htmc247" version="1.0.15" name=" htmc247" provider-name="HTMC">
	<requires>
		<import addon="xbmc.python" version="2.19.0" />
		<import addon="plugin.video.youtube" version="5.2.1" />
		<import addon="script.module.resolveurl" />
		<import addon="script.module.metahandler" version="2.9.0" />
	</requires>
	<extension point="xbmc.python.pluginsource" library="htmc247.py">
		<provides>video</provides>
	</extension>
	<extension point="xbmc.addon.metadata">
		<summary lang="en">htmc247</summary>
		<description lang="en">htmc247 Continuous 24-7 TV Shows. Kindly note that htmc247 is not an official part of the media player you are running, and therefore not to be mentioned within official support channels, this addon has nothing to do with the media player itself, nor it’s intended use, it is simply a third party plugin which has been added to your system.</description>
		<disclaimer lang="en">The author does not host or distribute any of the content displayed by this addon. The author does not have any affiliation with the content provider.</disclaimer>
		<platform>all</platform>
		<website></website>
		<assets>
			<icon>icon.png</icon>
			<fanart>fanart.jpg</fanart>
		</assets>
		<news>- Updated Code 
- Updated Resolver
- Updated providers
- Version 1.0.2
- Moved repo to GitHub
- Version 1.0.1
- Continuous 24-7 TV Shows
- Initial version 1.0.0</news>
	</extension>
</addon>