{"cable": [{"station": "A & E", "description": "A&E is an American digital cable and satellite television network that serves as the flagship television property of A&E Networks, a joint venture between the Hearst Corporation and Disney-ABC Television Group subsidiary of the Walt Disney Company.", "logo": "https://www.arconaitv.us/uploads/streams/59347e8ace05e_a&e.jpg"}, {"station": "ABC", "description": "The ABC (American Broadcasting Company) is an American commercial broadcast television network formerly as radio network on 1943, and purchased by Disney in 1996.", "logo": "http://logok.org/wp-content/uploads/2014/03/abc-gold-logo-880x660.png"}, {"station": "AMC", "description": "AMC is an American basic cable and satellite television channel that is owned by AMC Networks. The channel's programming, similar to that of FXM, primarily consists of theatrically released films, along with a limited amount of original programming.", "logo": "https://www.arconaitv.us/uploads/streams/59347f6143ba9_amc-logo-2016.jpg"}, {"station": "Animal Planet", "description": "Animal Planet is a American basic television channel launched on 1996 and owned by Discovery, its programming focused on or relating to animals. ", "logo": "http://logok.org/wp-content/uploads/2014/04/Animal-Planet-logo-880x660.png"}, {"station": "Bravo Tv", "description": "Bravo is an American cable and satellite television network, launched on December 1, 1980. It is a program service operated by NBCUniversal Cable Entertainment, which is owned by NBCUniversal, a subsidiary of Comcast and headquartered in the Comcast Building in New York City. The channel originally focused on programming related to fine arts and film; it currently broadcasts several reality television series targeted at 25-54 year-old women as well as the LGBT community, along with acquired and original dramas, and mainstream theatrically released feature films.", "logo": "https://www.arconaitv.us/uploads/streams/5a0ddca20ee94_bravo.png"}, {"station": "CBS", "description": "CBS is an American commercial broadcast television network, which origins date back to 1927, the name is derived from the initials of the former name, Columbia Broadcasting System.", "logo": "http://logok.org/wp-content/uploads/2014/03/CBS-Eye-logo-880x660.png"}, {"station": "CNBC", "description": "Get latest business news on stock markets, financial & earnings on CNBC. View world markets streaming charts & video; check stock tickers and quotes.", "logo": "https://www.arconaitv.us/uploads/streams/5a0ddba1961dd_CNBC.jpg"}, {"station": "Comedy Central", "description": "Comedy Central is an American basic television channel carries comedy programming launched in 1989. Comedy Central is owned by MTV Networks Entertainment Group, a division of Viacom.", "logo": "http://logok.org/wp-content/uploads/2014/03/Comedy-Central-logo-880x660.png"}, {"station": "Comedy Central", "description": "", "logo": "http://logok.org/wp-content/uploads/2014/03/Comedy-Central-logo-880x660.png"}, {"station": "Discovery Channel", "description": "Discovery Communications is an American mass media company that started as Discovery channel in 1985.", "logo": "http://logok.org/wp-content/uploads/2014/04/Discovery-Channel-earth-logo.png"}, {"station": "ESPN", "description": "Launched in 1979, ESPN is a US-based global cable and satellite television channel that focuses on sports-related programming, it is a joint venture between the Walt Disney and Hearst Corporation. ", "logo": "http://logok.org/wp-content/uploads/2015/02/ESPN-logo-wordmark-880x660.png"}, {"station": "Fox", "description": "The Fox is an American commercial broadcast television network launched in 1986, is now the worlds third largest major network, a division of 21st Century Fox.", "logo": "http://logok.org/wp-content/uploads/2014/10/FOX-TV-logo-880x660.png"}, {"station": "Fox News", "description": "Fox News is an American basic cable and satellite news entertainment television channel owned by the Fox Entertainment Group, a subsidiary of 21st Century Fox.", "logo": "https://www.arconaitv.us/uploads/streams/593484deaa5b2_foxnews.jpg"}, {"station": "Freeform", "description": "Freeform is an American basic cable and satellite television channel that is owned by the Disney-ABC Television Group division of The Walt Disney Company. Freeform primarily broadcasts programming aimed towards teenagers and young adults - with some programming skewing towards young women ? in the 14-34 age range, a target demographic designated by the channel as \"becomers\". Its programming includes contemporary off-network syndicated reruns and original series, feature films, and made-for-TV original movies.", "logo": "https://www.arconaitv.us/uploads/streams/595e8c3aebc4a_Webp.net-resizeimage%20(2).jpg"}, {"station": "FX", "description": "FX is an American basic cable and satellite television channel launched on June 1, 1994, based in Los Angeles.", "logo": "https://www.arconaitv.us/uploads/streams/593484c747d91_fx.jpg"}, {"station": "National Geographic", "description": "The National Geographic Societys logo is a yellow rectangular frame, which appears on its magazines and its television channel.", "logo": "http://logok.org/wp-content/uploads/2014/06/National-Geographic-logo-yellow-frame-880x660.png"}, {"station": "NBC", "description": "The NBC (National Broadcasting Company) is an American major broadcast television and radio network, formerly as Radio Corporation of America (RCA) in 1926.", "logo": "http://logok.org/wp-content/uploads/2014/03/NBC-peacock-logo-880x660.png"}, {"station": "Nickelodeon", "description": "Nickelodeon is an American basic cable and satellite television network launched on December 1, 1977, and is owned by Viacom through Viacom Media Networks and based in New York City.", "logo": "https://www.arconaitv.us/uploads/streams/5934839092480_nick.jpg"}, {"station": "PBS", "description": "The Public Broadcasting Service (PBS) is an American public broadcaster and television program distributor.[2] Headquartered in Arlington, Virginia, PBS is an independently operated non-profit organization and is the most prominent provider of television programming to public television stations in the United States.", "logo": "https://www.arconaitv.us/uploads/streams/59348371110c7_pbs.jpg"}, {"station": "Spike TV", "description": "Spike is an American cable and satellite channel launched on March 7, 1983, owned by Viacom through Viacom Media Networks and based in Los Angeles, California", "logo": "https://www.arconaitv.us/uploads/streams/593482fb2f6fa_spike.jpg"}, {"station": "SYFY", "description": "Launched in 1992, Syfy (formerly Sci-Fi Channel and SF) is an American basic cable and satellite television channel that features science fiction, drama, supernatural, fantasy, reality, paranormal, wrestling, and horror programming.", "logo": "http://logok.org/wp-content/uploads/2015/01/Syfy-logo-880x660.png"}, {"station": "The CW", "description": "Launched in 2006, The CW is an American broadcast television network, a limited liability joint venture between CBS and Warner Bros.. The CW name is derived from the first letters of the names of these corporations.", "logo": "http://logok.org/wp-content/uploads/2014/12/The-CW-logo-880x654.png"}, {"station": "Universal Channel", "description": "Universal Channel is a television channel specializing in movies and television series in the thriller, drama, comedy, horror, crime and investigation genres, owned by Universal Networks International", "logo": "https://www.arconaitv.us/uploads/streams/595e8b62306ce_Webp.net-resizeimage%20(1).jpg"}, {"station": "USA Network", "description": "USA Network is an American basic cable and satellite television channel that is owned by the NBCUniversal Cable Entertainment Group division of NBCUniversal, itself a subsidiary of Comcast.", "logo": "https://www.arconaitv.us/uploads/streams/5a0dd972617e5_USA.jpg"}]}
