{"movies": [{"movie": "Action", "description": "Action may refer to:"}, {"movie": "Documentaries ", "description": ""}, {"movie": "Movie Night", "description": ""}, {"movie": "Musical Movies", "description": ""}, {"movie": "Studio Ghibli", "description": "Studio Ghibli, Inc. (Japanese: \u682a\u5f0f\u4f1a\u793e\u30b9\u30bf\u30b8\u30aa\u30b8\u30d6\u30ea, Hepburn: Kabushiki-gaisha Sutajio Jiburi) is a Japanese animation film studio based in Koganei, Tokyo, Japan. The studio is best known for its anime feature films, and has also produced several short films, television commercials, and one television film. It was founded on 15 June 1985, after the success of Nausica\u00e4 of the Valley of the Wind (1984), with funding by Tokuma Shoten.\nEight of Studio Ghibli's films are among the 15 highest-grossing anime films made in Japan, with Spirited Away (2001) being the second highest, grossing over US$290 million worldwide. Many of their works have won the Animage Anime Grand Prix award, and four have won the Japan Academy Prize for Animation of the Year. Five of Studio Ghibli's films received Academy Award nominations in the United States. Spirited Away won a Golden Bear in 2002 and an Academy Award for Best Animated Feature Film in 2003. Totoro, a character from My Neighbor Totoro, is the studio's mascot.\nOn 3 August 2014, Studio Ghibli announced it was temporarily halting production following the retirement of director Hayao Miyazaki, who co-founded the studio with Isao Takahata. In February 2017, Toshio Suzuki announced that Hayao Miyazaki had come out of retirement again to direct a new feature film with Studio Ghibli."}]}