﻿<?xml version="1.0" encoding="UTF-8" standalone="yes"?>
<addon id="plugin.video.david" version="1.0.5" name=" David" provider-name="HTMC">
	<requires>
		<import addon="xbmc.python" version="2.19.0" />
		<import addon="plugin.video.youtube" version="6.4.0" />
		<import addon="script.extendedinfo" version="5.6.0" />
		<import addon="script.htmc.artwork" version="1.0.1" />
		<import addon="script.htmc.metadata" version="1.0.6" />
		<import addon="script.module.resolveurl" />
		<import addon="script.module.metahandler" version="2.9.0" />
		<import addon="script.module.openscrapers" />
	</requires>
	<extension point="xbmc.python.pluginsource" library="david.py">
		<provides>video</provides>
	</extension>
	<extension point="xbmc.service" library="service.py" start="startup" />
	<extension point="xbmc.addon.metadata">
		<summary lang="en">David</summary>
		<description lang="en">David with OpenScrapers and Library Integration, Movies, TV Shows, Movie Collections - Boxsets, Live TV, Radio and TRAKT Support! Kindly note the David addon is not an official part of the media player you are running, and therefore not to be mentioned within official support channels, this addon has nothing to do with the media player itself, nor it’s intended use, it is simply a third party plugin which has been added to your system.</description>
		<disclaimer lang="en">The author does not host or distribute any of the content displayed by this addon. The author does not have any affiliation with the content provider.</disclaimer>
		<platform>all</platform>
		<website></website>
		<source></source>
		<assets>
			<icon>icon.png</icon>
			<fanart>fanart.jpg</fanart>
		</assets>
		<news>- RealDebrid Recommended
- Fix tvdb
- Added Radio
- Added Kids TV
- Added Documentaries
- Fixed Movie Certifications
- Fixed TV Show Certifications
- Added IPTV
- Added Music
- Removed 24/7 TV Shows to stand alone Addon
- Added OpenScrapers Support
</news>
	</extension>
</addon>