<?xml version="1.0" encoding="UTF-8"?>
<addon id="plugin.video.arconaitv" version="1.0.0" name="ArconaiTV" provider-name="Alberto_Posadas, HTMC">
<requires>
  <import addon="xbmc.python" version="2.24.0"/>
  <import addon="script.module.arconaitv" version="1.0.0"/>
</requires>
<extension point="xbmc.python.pluginsource" library="arconaitv.py">
  <provides>video</provides>
</extension>
<extension point="xbmc.addon.metadata">
  <summary lang="en">ArconaiTV Kodi Plugin</summary>
  <description>Play 24/7 Streams of Popular TV Shows, Movies by Genre and TV from ArconaiTV Content in Kodi
  </description>
  <assets>
    <icon>icon.png</icon>    
  </assets>
</extension>
</addon>

